<?xml version="1.0" encoding="utf-8" standalone="yes" ?>
<rss version="2.0" xmlns:atom="http://www.w3.org/2005/Atom">
  <channel>
    <title>Tags on Mail For Good</title>
    <link>https://freeCodeCamp.github.io/mail-for-good/tags/</link>
    <description>Recent content in Tags on Mail For Good</description>
    <generator>Hugo -- gohugo.io</generator>
    <language>en-us</language>
    
	<atom:link href="https://freeCodeCamp.github.io/mail-for-good/tags/index.xml" rel="self" type="application/rss+xml" />
    
    
  </channel>
</rss>